{"sections":{"durbin_common_text_rbczQH":{"type":"durbin-common-text","blocks":{"commomblock_wWfMGD":{"type":"commomblock","settings":{"title":"BinocularsGiant The online binoculars store","des1":"Binoculars Gigant the binocular specialist with an               extensive range. Looking for binoculars. spotting scope.               night vision goggles, rifle scope. telescope or microscope?               You'll find it with us. We offer top brands such as Bresser,               Byomic. Kowa and Vortex.","des2":"You are assured of good quality, competitive prices and               fast                delivery. In addition, we are happy to help you make the               right choice. On the page 'binoculars, a short explanation'               you will find purchase advice and explanations of               important technical specifications.","image":"shopify:\/\/shop_images\/product-1.png","brn_url":"","btn_text":"Lees meer"}},"commomblock_e6WVXQ":{"type":"commomblock","settings":{"title":"Which binoculars to buy? We are happy               to help you choose","des1":"You would like to buy binoculars. but what are good               binoculars? Which binoculars to buy for your intended               purpose?","des2":"Below is an explanation of how the binoculars work, the               different types and clarification of the most important               concepts and technical terms to help you choose the right               binoculars. There are so many types of binoculars on offer               nowadays that it is difficult to make a final choice. Do you               need binoculars for bird watching or when visiting a               concert? This requires completely different qualities from               the viewer.","image":"shopify:\/\/shop_images\/product-2.png","brn_url":"","btn_text":"Lees meer"}},"commomblock_Xf4DiK":{"type":"commomblock","settings":{"title":"Stargazers What are the main               differences?","des1":"Are you planning to buy a telescope? Today. viewing the               night sky is no longer an exclusive activity               for organizations like NASA. Individuals are also becoming               more and more interested in what the universe has to               offer and want to buy a telescope. Below               is a brief explanation of the types of telescopes, also               known as stargazers. and an explanation of some               commonly used terms. By choosing from our range of               reflecting telescopes, you will soon enjoy a large               wavelength when viewing the stars. A               mirror often gives a sharp effect.","des2":"","image":"shopify:\/\/shop_images\/product-3.png","brn_url":"","btn_text":"Lees meer"}}},"block_order":["commomblock_wWfMGD","commomblock_e6WVXQ","commomblock_Xf4DiK"],"settings":{}},"dubin_binocular_range_4BjtGE":{"type":"dubin-binocular-range","blocks":{"binocular_3KCG6V":{"type":"binocular","settings":{"image":"shopify:\/\/shop_images\/durbin_1.png","p_title":"BRESSER Condor 1005 Mono Monokijker","price":"€59,00","p_des":"Bresser, Dakkant verrekijkers"}},"binocular_PhNF3f":{"type":"binocular","settings":{"image":"shopify:\/\/shop_images\/durbin_2.png","p_title":"BRESSER Condor 1005 Mono Monokijker","price":"€59,00","p_des":"Bresser, Dakkant verrekijkers"}},"binocular_JWcyJB":{"type":"binocular","settings":{"image":"shopify:\/\/shop_images\/durbin_3.png","p_title":"BRESSER Condor 1005 Mono Monokijker","price":"€59,00","p_des":"Bresser, Dakkant verrekijkers"}},"binocular_8xgXxa":{"type":"binocular","settings":{"image":"shopify:\/\/shop_images\/durbin_4.png","p_title":"BRESSER Condor 1005 Mono Monokijker","price":"€59,00","p_des":"Bresser, Dakkant verrekijkers"}},"binocular_96QXj7":{"type":"binocular","settings":{"image":"shopify:\/\/shop_images\/durbin_1.png","p_title":"BRESSER Condor 1005 Mono Monokijker","price":"€59,00","p_des":"Bresser, Dakkant verrekijkers"}},"binocular_dx7ddX":{"type":"binocular","settings":{"image":"shopify:\/\/shop_images\/durbin_2.png","p_title":"BRESSER Condor 1005 Mono Monokijker","price":"€59,00","p_des":"Bresser, Dakkant verrekijkers"}}},"block_order":["binocular_3KCG6V","binocular_PhNF3f","binocular_JWcyJB","binocular_8xgXxa","binocular_96QXj7","binocular_dx7ddX"],"settings":{"title":"Verrekijker assortiment","des":"Er zijn nogal wat verschillende verrekijkers. Om die reden hebben wij voor je onze beste keuzes opgesteld en de kijkers in de verschillende categorieën geplaatst. Ook kun je filteren op merk, prijs, vergroting en nog veel meer eigenschappen.","color_scheme":"scheme-2"}},"durbin_brand_QHD3CK":{"type":"durbin-brand","settings":{"title":"Populaire merken","des":"Er zijn verschillende populaire merken van verrekijkers, afhankelijk van de prijsklasse en het beoogde gebruik. Enkele bekende merken zijn.","btn_link":"#","btn_text":"Alle merken","image":"shopify:\/\/shop_images\/brand_logo.png"}},"durbin_read_more_about_dwBtrw":{"type":"durbin-read-more-about","blocks":{"read_more_R7VJth":{"type":"read-more","settings":{"image":"shopify:\/\/shop_images\/read-1.png","about_title":"De spotting scope, alles wat je erover moet weten","des":"Je kunt er dan dus 00k optimaal gebruik van maken en genieten van de vergroting, de scherpte van het beeld en de helderheid. Een spotting scope is ideaal wanneer je bijvoorbeeld urenlang vogels wilt","btn_url":"#","btn_text":"lees meer"}},"read_more_BWVxFy":{"type":"read-more","settings":{"image":"shopify:\/\/shop_images\/read-2.png","about_title":"De spotting scope, alles wat je erover moet weten","des":"Je kunt er dan dus 00k optimaal gebruik van maken en genieten van de vergroting, de scherpte van het beeld en de helderheid. Een spotting scope is ideaal wanneer je bijvoorbeeld urenlang vogels wilt","btn_url":"#","btn_text":"lees meer"}},"read_more_8TaDtN":{"type":"read-more","settings":{"image":"shopify:\/\/shop_images\/read-3.png","about_title":"De spotting scope, alles wat je erover moet weten","des":"Je kunt er dan dus 00k optimaal gebruik van maken en genieten van de vergroting, de scherpte van het beeld en de helderheid. Een spotting scope is ideaal wanneer je bijvoorbeeld urenlang vogels wilt","btn_url":"#","btn_text":"lees meer"}}},"block_order":["read_more_R7VJth","read_more_BWVxFy","read_more_8TaDtN"],"settings":{"title":"Lees meer over verrekijkers","sub_title":"Lees en bekijk meer informatie over onze interactieve, informatieve blogs.","color_scheme":"scheme-2"}},"durbin_review_9wdj8F":{"type":"durbin-review","blocks":{"plain_review_XEY3dY":{"type":"plain-review","settings":{"title":"Klanten-reviews","sub_title":"Gebaseerd op 100 beoordelingen","btn_url":"","btn_text":""}}},"block_order":["plain_review_XEY3dY"],"settings":{}}},"order":["durbin_common_text_rbczQH","dubin_binocular_range_4BjtGE","durbin_brand_QHD3CK","durbin_read_more_about_dwBtrw","durbin_review_9wdj8F"]}