{"name":"t:sections.footer.name","type":"footer","sections":{"durbin_desktop_footer_HA7B9k":{"type":"durbin-desktop-footer","settings":{"logo_link":"","footer_text":"Verrekijkers gebruik je om een onderwerp dat ver weg is, te bekijken alsof het dichtbij is. Er zijn meerdere soorten verrekijkers, zoals dakkant- of porroverrekijkers, maar ook monokijkers en nachtkijkers vallen in deze categorie.","logo_image":"shopify:\/\/shop_images\/logo.png","menu":"main-menu","support_menu":"footer","contact_add":"De Sikkel 32, 5384 HS Heesch Nederland","contact_phone":"085 060 2795","contact_mail":"info@verrekijkergigant.be","image":"shopify:\/\/shop_images\/payment.png","copy_write_text":"Copyright © 2024. Webizx E-solutions B.V. - KVK: 93168659"}},"footer":{"type":"footer","disabled":true,"settings":{"color_scheme":"scheme-1","newsletter_enable":true,"newsletter_heading":"Subscribe to our emails","enable_follow_on_shop":true,"show_social":true,"enable_country_selector":true,"enable_language_selector":true,"payment_enable":true,"show_policy":false,"margin_top":0,"padding_top":36,"padding_bottom":36}}},"order":["durbin_desktop_footer_HA7B9k","footer"]}