{"sections":{"durbin_lnd_product_slider_qBDCz7":{"type":"durbin-Lnd-product-slider","disabled":true,"settings":{"title":"VerrekijkerGigant: De online verrekijker winkel","btn_url":"","btn_text":"Alle verrekijkers","product_list":["bresser-10x50-porro-verrekijker","bresser-11-dagen-4cast-cv-wlan-weerstation-7-in-1","bresser-3-in-1-profi-windmeter","bresser-5-in-1-weerstation-beaufort-met-kleurendisplay","bresser-5-in-1-comfort-weercenter-met-kleurendisplay-wit","10x25-zak-verrekijker","agm-pvs-14-echo-tactical-monoculaire-nachtkijker","agm-pvs-14-echo-tactical-monoculaire-nachtkijker-white-phosphor"]}},"durbin_lnd_brand_info_9BTHa3":{"type":"durbin-lnd-brand-info","disabled":true,"settings":{"title":"Populaire merken","des":"Er zijn verschillende populaire merken van verrekijkers, afhankelijk van de prijsklasse en het beoogde gebruik. Enkele bekende merken zijn.","btn_link":"","btn_text":"Alle merken","image":"shopify:\/\/shop_images\/brand_logo.png"}},"durbin_lnd_gallery_yg4WNa":{"type":"durbin-lnd-gallery","disabled":true,"settings":{"title":"Verrekijker assortiment","des":"Er zijn nogal wat verschillende verrekijkers. Om die reden hebben wij voor je onze beste keuzes opgesteld en de kijkers in de verschillende categorieën geplaatst. Ook kun je filteren op merk, prijs, vergroting en nog veel meer eigenschappen.","product_list":["agm-3x-afocal-vergrootlens-61023xa1","agm-5x-afocal-vergrootlens-61025xa1","agm-asp-micro-tm-160-warmtebeeldcamera","agm-clip-on-voorzet-montage-3-46-7-50mm-6606sm31","agm-clip-on-voorzet-montage-4-56-58-7mm-6606sm41","agm-clip-on-voorzet-montage-5-62mm-6606sm51"]}},"durbin_lnd_review_McU6kQ":{"type":"durbin-lnd-review","blocks":{"review_GkaVLi":{"type":"review","settings":{"title1":"Super Mooi Moi","sub_title1":"Prachtige Spiegels, Goed Verpakt. 3 Standen Licht En Condensvrrwarming Werkt Automatisch Als Het Licht Aan Staat. 1k Ben Er Helemaal Blij Mee.","reviewer_name":"Leslie Alexander","reviewer_verified":"geverifieerd"}},"review_JeUFFL":{"type":"review","settings":{"title1":"Super Mooi Moi","sub_title1":"Prachtige Spiegels, Goed Verpakt. 3 Standen Licht En Condensvrrwarming Werkt Automatisch Als Het Licht Aan Staat. 1k Ben Er Helemaal Blij Mee.","reviewer_name":"Leslie Alexander","reviewer_verified":"geverifieerd"}},"review_EknTx9":{"type":"review","settings":{"title1":"Super Mooi Moi","sub_title1":"Prachtige Spiegels, Goed Verpakt. 3 Standen Licht En Condensvrrwarming Werkt Automatisch Als Het Licht Aan Staat. 1k Ben Er Helemaal Blij Mee.","reviewer_name":"Leslie Alexander","reviewer_verified":"geverifieerd"}},"review_rDtn3j":{"type":"review","settings":{"title1":"Super Mooi Moi","sub_title1":"Prachtige Spiegels, Goed Verpakt. 3 Standen Licht En Condensvrrwarming Werkt Automatisch Als Het Licht Aan Staat. 1k Ben Er Helemaal Blij Mee.","reviewer_name":"Leslie Alexander","reviewer_verified":"geverifieerd"}}},"block_order":["review_GkaVLi","review_JeUFFL","review_EknTx9","review_rDtn3j"],"disabled":true,"settings":{"title":"Klanten-reviews","sub_title":"Gebaseerd op 100 beoordelingen","btn_url":"","btn_text":"Schrijf een recensie"}},"durbin_lnd_hero_fzxkKY":{"type":"durbin-lnd-hero","settings":{"title":"VerrekijkerGigant: <br> De online verrekijker winkel","banner_video":"shopify:\/\/files\/videos\/hero_video_1920x1080.mp4","btn_text":"Winkel nu","btn_url":""}},"durbin_lnd_best_sale_mE9zE8":{"type":"durbin-lnd-best-sale","settings":{"title":"Best verkopende producten","collection":""}},"durbin_lnd_category_TNVdyP":{"type":"durbin-lnd-category","blocks":{"slider_4b8639":{"type":"slider","settings":{"title":"Verrekijkers","image":"shopify:\/\/shop_images\/category-1.webp","url":""}},"slider_CnVTMQ":{"type":"slider","settings":{"title":"Spottingscopes","image":"shopify:\/\/shop_images\/category-2.webp","url":""}},"slider_xLbwcc":{"type":"slider","settings":{"title":"Nachtkijkers","image":"shopify:\/\/shop_images\/category-3.webp","url":""}},"slider_zMJhb3":{"type":"slider","settings":{"title":"Richtkijkers","image":"shopify:\/\/shop_images\/category-4.webp","url":""}},"slider_NNttxD":{"type":"slider","settings":{"title":"Richtkijkers","image":"shopify:\/\/shop_images\/category-4.webp","url":""}},"slider_PAPbH8":{"type":"slider","settings":{"title":"Richtkijkers","image":"shopify:\/\/shop_images\/category-4.webp","url":""}},"slider_YcRBK4":{"type":"slider","settings":{"title":"Richtkijkers","image":"shopify:\/\/shop_images\/category-4.webp","url":""}}},"block_order":["slider_4b8639","slider_CnVTMQ","slider_xLbwcc","slider_zMJhb3","slider_NNttxD","slider_PAPbH8","slider_YcRBK4"],"settings":{"title":"Categorieën"}},"durbin_lnd_bin_range_dCzeid":{"type":"durbin-lnd-bin-range","settings":{"title":"Verrekijker assortiment","info":"We hebben de beste verrekijkers voor je ingedeeld. Filter op merk, prijs, vergroting en meer.","product_list":["bresser-10x42-dakkant-monocular-wp","bresser-16x42-stabilizer-ois-verrekijker-met-beeldstabilisator","bresser-6-x-24-oled-laserafstandsmeter","bresser-7x50-binosail-zeilkompas-verrekijker","bresser-br-lp10-lenspen-voor-het-reinigen-van-objectieven-en-filters","10x25-zak-verrekijker","agm-asp-micro-tm-160-warmtebeeldcamera","agm-clip-on-voorzet-montage-5-62mm-6606sm51"],"btn_text":"Ontdek de collectie","url":"shopify:\/\/collections\/verrekijkers"}},"durbin_lnd_brand_slider_ELpynf":{"type":"durbin-lnd-brand-slider","blocks":{"slide_6NnjPz":{"type":"slide","settings":{"image":"shopify:\/\/shop_images\/brand-1.png"}},"slide_PDTDt7":{"type":"slide","settings":{"image":"shopify:\/\/shop_images\/brand-2.png"}},"slide_iAEDVR":{"type":"slide","settings":{"image":"shopify:\/\/shop_images\/brand-3.png"}},"slide_YfXbDB":{"type":"slide","settings":{"image":"shopify:\/\/shop_images\/brand-4.png"}},"slide_FMyxUL":{"type":"slide","settings":{"image":"shopify:\/\/shop_images\/brand-5.png"}},"slide_UddALm":{"type":"slide","settings":{"image":"shopify:\/\/shop_images\/brand-6.png"}},"slide_VVdtFh":{"type":"slide","settings":{"image":"shopify:\/\/shop_images\/brand-7.png"}},"slide_7xTdTN":{"type":"slide","settings":{"image":"shopify:\/\/shop_images\/brand-8.png"}},"slide_BmfmG9":{"type":"slide","settings":{"image":"shopify:\/\/shop_images\/brand-9.png"}},"slide_PR4ntz":{"type":"slide","settings":{"image":"shopify:\/\/shop_images\/brand-10.png"}}},"block_order":["slide_6NnjPz","slide_PDTDt7","slide_iAEDVR","slide_YfXbDB","slide_FMyxUL","slide_UddALm","slide_VVdtFh","slide_7xTdTN","slide_BmfmG9","slide_PR4ntz"],"settings":{"title":"Populaire merken","info":"Er zijn verschillende populaire merken van verrekijkers, afhankelijk van de prijsklasse en het beoogde gebruik. Enkele bekende merken zijn.","btn_text":"Alle merken","btn_url":""}},"durbin_lnd_feature_hedbha":{"type":"durbin-Lnd-feature","blocks":{"commomblock_RAbnHL":{"type":"commomblock","settings":{"title":"BinocularsGiant The online binoculars store","des1":"Binoculars Gigant the binocular specialist with anextensive range. Looking for binoculars. spotting scope.night vision goggles, rifle scope. telescope or microscope?You'll find it with us. We offer top brands such as Bresser,Byomic. Kowa and Vortex.","des2":"You are assured of good quality, competitive prices andfastdelivery. In addition, we are happy to help you make theright choice. On the page 'binoculars, a short explanation'you will find purchase advice and explanations ofimportant technical specifications.","image":"shopify:\/\/shop_images\/common-1.webp","img_position":"img-left","brn_url":"","btn_text":"Lees meer"}},"commomblock_HmFAaV":{"type":"commomblock","settings":{"title":"Which binoculars to buy? We are happyto help you choose","des1":"You would like to buy binoculars. but what are goodbinoculars? Which binoculars to buy for your intendedpurpose?","des2":"Below is an explanation of how the binoculars work, thedifferent types and clarification of the most importantconcepts and technical terms to help you choose the rightbinoculars. There are so many types of binoculars on offernowadays that it is difficult to make a final choice. Do youneed binoculars for bird watching or when visiting aconcert? This requires completely different qualities fromthe viewer.","image":"shopify:\/\/shop_images\/common-2.webp","img_position":"img-right","brn_url":"","btn_text":"Lees meer"}},"commomblock_HDBVEd":{"type":"commomblock","settings":{"title":"Stargazers What are the maindifferences?","des1":"Are you planning to buy a telescope? Today. viewing thenight sky is no longer an exclusive activityfor organizations like NASA. Individuals are also becomingmore and more interested in what the universe has tooffer and want to buy a telescope. Belowis a brief explanation of the types of telescopes, alsoknown as stargazers. and an explanation of somecommonly used terms. By choosing from our range ofreflecting telescopes, you will soon enjoy a largewavelength when viewing the stars. Amirror often gives a sharp effect.","des2":"","image":"shopify:\/\/shop_images\/common-3.webp","img_position":"img-left","brn_url":"","btn_text":"Lees meer"}}},"block_order":["commomblock_RAbnHL","commomblock_HmFAaV","commomblock_HDBVEd"],"settings":{}},"durbin_lnd_review_slider_pdzh4V":{"type":"durbin-lnd-review-slider","blocks":{"review_hpiFg3":{"type":"review","settings":{"review":"Snelle levering en fijne verrekijker ontvangen! Ik ben dik tevreden!","reviewer":"A. Stouten","no_of_star":5}},"review_qerfN8":{"type":"review","settings":{"review":"Snelle levering en fijne verrekijker ontvangen! Ik ben dik tevreden!","reviewer":"A. Stouten","no_of_star":5}},"review_i6Az9r":{"type":"review","settings":{"review":"Snelle levering en fijne verrekijker ontvangen! Ik ben dik tevreden!","reviewer":"A. Stouten","no_of_star":5}},"review_cw7Pmc":{"type":"review","settings":{"review":"Snelle levering en fijne verrekijker ontvangen! Ik ben dik tevreden!","reviewer":"A. Stouten","no_of_star":5}},"review_HgNbEn":{"type":"review","settings":{"review":"Snelle levering en fijne verrekijker ontvangen! Ik ben dik tevreden!","reviewer":"A. Stouten","no_of_star":5}},"review_VNNJ8t":{"type":"review","settings":{"review":"Snelle levering en fijne verrekijker ontvangen! Ik ben dik tevreden!","reviewer":"A. Stouten","no_of_star":5}},"review_94PrhH":{"type":"review","settings":{"review":"Snelle levering en fijne verrekijker ontvangen! Ik ben dik tevreden!","reviewer":"A. Stouten","no_of_star":5}},"review_tYXHpr":{"type":"review","settings":{"review":"Snelle levering en fijne verrekijker ontvangen! Ik ben dik tevreden!","reviewer":"A. Stouten","no_of_star":5}}},"block_order":["review_hpiFg3","review_qerfN8","review_i6Az9r","review_cw7Pmc","review_HgNbEn","review_VNNJ8t","review_94PrhH","review_tYXHpr"],"settings":{"review_rating":"4.75 van de 5","review_no":"Gebaseerd op 100 beoordelingen"}},"durbin_lnd_blog_EWyAmY":{"type":"durbin-Lnd-blog","settings":{"title":"Lees meer over verrekijkers","sub_title":"Lees en bekijk meer informatie over onze interactieve, informatieve blogs.","no_blog":3,"color":""}}},"order":["durbin_lnd_product_slider_qBDCz7","durbin_lnd_brand_info_9BTHa3","durbin_lnd_gallery_yg4WNa","durbin_lnd_review_McU6kQ","durbin_lnd_hero_fzxkKY","durbin_lnd_best_sale_mE9zE8","durbin_lnd_category_TNVdyP","durbin_lnd_bin_range_dCzeid","durbin_lnd_brand_slider_ELpynf","durbin_lnd_feature_hedbha","durbin_lnd_review_slider_pdzh4V","durbin_lnd_blog_EWyAmY"]}