{"sections":{"main":{"type":"main-page","disabled":true,"settings":{"padding_top":28,"padding_bottom":28}},"durbin_brand_popular_mjKMJc":{"type":"durbin-brand-popular","blocks":{"collection_tabs_Pb88Ki":{"type":"collection_tabs","settings":{"collection":"byomic"}},"collection_tabs_LAUUt4":{"type":"collection_tabs","settings":{"collection":"bresser"}},"collection_tabs_VHKFHj":{"type":"collection_tabs","settings":{"collection":"lunt-solarsystems"}},"collection_tabs_rc9aNd":{"type":"collection_tabs","settings":{"collection":"flir"}},"collection_tabs_aPWmgG":{"type":"collection_tabs","settings":{"collection":"sony"}},"collection_tabs_47jpwC":{"type":"collection_tabs","settings":{"collection":"kowa"}},"collection_tabs_6Efa3c":{"type":"collection_tabs","settings":{"collection":"konus"}},"collection_tabs_htMRqc":{"type":"collection_tabs","settings":{"collection":"luna-optics"}},"collection_tabs_tKetKr":{"type":"collection_tabs","settings":{"collection":"national-geographic"}},"collection_tabs_98eqBx":{"type":"collection_tabs","settings":{"collection":"sirui"}},"collection_tabs_yq7mpw":{"type":"collection_tabs","settings":{"collection":"photorobot"}},"collection_tabs_jyB3aY":{"type":"collection_tabs","settings":{"collection":"outdoor-club"}},"collection_tabs_98Ffzj":{"type":"collection_tabs","settings":{"collection":"stealth-gear"}},"collection_tabs_dwiW43":{"type":"collection_tabs","settings":{"collection":"vortex"}},"collection_tabs_zmU7RD":{"type":"collection_tabs","settings":{"collection":"yukon"}},"collection_tabs_LEqwNt":{"type":"collection_tabs","settings":{"collection":"sevenoak"}},"collection_tabs_taHUWT":{"type":"collection_tabs","settings":{"collection":"studioking"}},"collection_tabs_LqCPdf":{"type":"collection_tabs","settings":{"collection":"marumi"}},"collection_tabs_zrkE8j":{"type":"collection_tabs","settings":{"collection":"explore-scientific"}},"collection_tabs_AF8Vxh":{"type":"collection_tabs","settings":{"collection":"carson"}},"collection_tabs_AtNMdq":{"type":"collection_tabs","settings":{"collection":"vixen"}},"collection_tabs_ND3qaM":{"type":"collection_tabs","settings":{"collection":"zep"}},"collection_tabs_ycnGzU":{"type":"collection_tabs","settings":{"collection":"sionyx"}},"collection_tabs_JVxmpt":{"type":"collection_tabs","settings":{"collection":"levenhuk"}},"collection_tabs_zWxbi4":{"type":"collection_tabs","settings":{"collection":"ermenrich"}},"collection_tabs_Ukp83R":{"type":"collection_tabs","settings":{"collection":"benel-optics"}},"collection_tabs_PVJEjY":{"type":"collection_tabs","settings":{"collection":"agm"}},"collection_tabs_TCdm9D":{"type":"collection_tabs","settings":{"collection":"tecco"}},"collection_tabs_aKACRQ":{"type":"collection_tabs","settings":{"collection":"discovery"}}},"block_order":["collection_tabs_Pb88Ki","collection_tabs_LAUUt4","collection_tabs_VHKFHj","collection_tabs_rc9aNd","collection_tabs_aPWmgG","collection_tabs_47jpwC","collection_tabs_6Efa3c","collection_tabs_htMRqc","collection_tabs_tKetKr","collection_tabs_98eqBx","collection_tabs_yq7mpw","collection_tabs_jyB3aY","collection_tabs_98Ffzj","collection_tabs_dwiW43","collection_tabs_zmU7RD","collection_tabs_LEqwNt","collection_tabs_taHUWT","collection_tabs_LqCPdf","collection_tabs_zrkE8j","collection_tabs_AF8Vxh","collection_tabs_AtNMdq","collection_tabs_ND3qaM","collection_tabs_ycnGzU","collection_tabs_JVxmpt","collection_tabs_zWxbi4","collection_tabs_Ukp83R","collection_tabs_PVJEjY","collection_tabs_TCdm9D","collection_tabs_aKACRQ"],"settings":{"title":"Popular Brands","brand_description":"Nec non et sed semper suspendisse. Sapien, ridiculus euismod varius faucibus feugiat et dignissim porta id Facilisi neque nec id nunc."}}},"order":["main","durbin_brand_popular_mjKMJc"]}