{"sections":{"main":{"type":"main-product","blocks":{"custom_title_DbmFjW":{"type":"custom-title","settings":{}},"custom_price_fwmFaj":{"type":"custom-price","settings":{}},"quantity_selector_3wczcL":{"type":"quantity_selector","settings":{}},"custom_info_NcerWt":{"type":"custom-info","settings":{}},"custom_delivery_detail_CCFjaJ":{"type":"custom-delivery-detail","settings":{"delivery_info":"15 uur, 15 uur, wordt dezelfde dag verzonden, dus de levering zal dan morgen of donderdag zijn."}}},"block_order":["custom_title_DbmFjW","custom_price_fwmFaj","quantity_selector_3wczcL","custom_info_NcerWt","custom_delivery_detail_CCFjaJ"],"settings":{"enable_sticky_info":true,"color_scheme":"scheme-1","media_size":"small","constrain_to_viewport":true,"media_fit":"contain","gallery_layout":"stacked","media_position":"left","image_zoom":"lightbox","mobile_thumbnails":"show","hide_variants":true,"enable_video_looping":false,"padding_top":36,"padding_bottom":12}},"durbin_pd_description_tab_wrb3TB":{"type":"durbin-pd-description-tab","settings":{}},"related-products":{"type":"related-products","disabled":true,"settings":{"heading":"You may also like","heading_size":"h2","products_to_show":4,"columns_desktop":4,"color_scheme":"scheme-1","image_ratio":"square","image_shape":"default","show_secondary_image":true,"show_vendor":false,"show_rating":false,"columns_mobile":"2","padding_top":36,"padding_bottom":28}},"durbin_pd_cummunity_NXWgBE":{"type":"durbin-pd-cummunity","settings":{"image":"shopify:\/\/shop_images\/Group_828.png","title":"Sluit je aan bij onze gemeenschap","content":"<p>VerrekijkerGigant biedt meer dan alleen verrekijkers: we creëren een levendige community waar natuurliefhebbers en fotografen samenkomen. Hier word je uitgedaagd met boeiende foto-opdrachten, kun je jouw mooiste beelden delen en inspiratie opdoen uit het werk van andere enthousiaste leden. We organiseren regelmatig leuke activiteiten. Bij ons gaat het niet alleen om het verkopen vanverrekijkers, maar ook om het opbouwen van een gemeenschap die jouw passie voor verrekijkers ennatuur deelt en versterkt. Je kunt vrijblijvend meedoen door <strong>te mailen.<\/strong><\/p>"}},"durbin_pd_specification_8atTCc":{"type":"durbin-pd-specification","settings":{}},"durbin_pd_youtube_video_FxCaeP":{"type":"durbin-pd-youtube-video","settings":{}},"durbin_lnd_review_AmCGFN":{"type":"durbin-lnd-review","blocks":{"review_zkV3XW":{"type":"review","settings":{"title1":"Super Mooi Moi","sub_title1":"Prachtige Spiegels, Goed Verpakt. 3 Standen Licht En Condensvrrwarming Werkt Automatisch Als Het Licht Aan Staat. 1k Ben Er Helemaal Blij Mee.","reviewer_name":"Leslie Alexander","reviewer_verified":"geverifieerd"}},"review_4REEN9":{"type":"review","settings":{"title1":"Super Mooi Moi","sub_title1":"Prachtige Spiegels, Goed Verpakt. 3 Standen Licht En Condensvrrwarming Werkt Automatisch Als Het Licht Aan Staat. 1k Ben Er Helemaal Blij Mee.","reviewer_name":"Leslie Alexander","reviewer_verified":"geverifieerd"}},"review_g4FVfD":{"type":"review","settings":{"title1":"Super Mooi Moi","sub_title1":"Prachtige Spiegels, Goed Verpakt. 3 Standen Licht En Condensvrrwarming Werkt Automatisch Als Het Licht Aan Staat. 1k Ben Er Helemaal Blij Mee.","reviewer_name":"Leslie Alexander","reviewer_verified":"geverifieerd"}},"review_KqBnEM":{"type":"review","settings":{"title1":"Super Mooi Moi","sub_title1":"Prachtige Spiegels, Goed Verpakt. 3 Standen Licht En Condensvrrwarming Werkt Automatisch Als Het Licht Aan Staat. 1k Ben Er Helemaal Blij Mee.","reviewer_name":"Leslie Alexander","reviewer_verified":"geverifieerd"}}},"block_order":["review_zkV3XW","review_4REEN9","review_g4FVfD","review_KqBnEM"],"settings":{"title":"Klanten-reviews","sub_title":"Gebaseerd op 100 beoordelingen","btn_url":"","btn_text":"Schrijf een recensie"}},"durbin_pd_related_DT7pkY":{"type":"durbin-pd-related","settings":{}}},"order":["main","durbin_pd_description_tab_wrb3TB","related-products","durbin_pd_cummunity_NXWgBE","durbin_pd_specification_8atTCc","durbin_pd_youtube_video_FxCaeP","durbin_lnd_review_AmCGFN","durbin_pd_related_DT7pkY"]}